Alice Carvalho;A;Accusantium;Alias rem;Dolorem qui;Maiores;Praesentium;Quis dolor et commodi ex dolorum nemo autem optio;Ut nam impedit;Vitae praesentium est pariatur veritatis rem
Alícia Sales;Ad ipsum minima mollitia;Adipisci sunt repellat fugit;Asperiores;Distinctio ea optio est alias magnam ea;Omnis corporis saepe;Optio qui;Praesentium iste id ratione nobis mollitia;Quia quos magni ducimus;Quos minima corrupti quisquam vero excepturi;Repellendus repellendus quo accusamus
Ana Laura Campos;Omnis corporis saepe;Placeat;Quos nostrum temporibus sapiente est;Recusandae;Sit dignissimos perspiciatis ad deserunt molestiae id dignissimos;Voluptas architecto consequatur quas hic voluptate omnis
Augusto Teixeira;Asperiores sed laboriosam laboriosam;Consequuntur iure minus consequatur;Dolores eos voluptates earum repellat eius quasi;Necessitatibus voluptatum;Neque;Non aspernatur ut modi distinctio molestiae;Praesentium;Rerum voluptatem;Vitae eveniet iste similique ducimus iusto;Vitae provident enim perferendis veritatis praesentium
Benício Aragão;Amet expedita eos aliquam;Asperiores porro voluptatem nostrum quod saepe tenetur modi;Excepturi fuga tempora possimus;Fuga consequuntur;Ipsa corrupti deserunt;Quis dolor et commodi ex dolorum nemo autem optio;Temporibus architecto voluptas facilis sint rerum quod doloribus similique
Bianca Castro;Ab magni veritatis;Ducimus repudiandae a odit;Molestias maxime ratione nihil odio;Necessitatibus optio laudantium;Nisi molestiae perspiciatis nemo delectus voluptas incidunt eveniet;Quam;Quia officiis maxime nulla earum;Sint magnam odit quam numquam;Tenetur minima excepturi laudantium vitae
Bárbara Rocha;Debitis nesciunt qui;Maxime ipsa nihil id;Minima deserunt;Optio qui;Suscipit sed
Clarice Fernandes;At odit error ex;Ducimus repudiandae a odit;Itaque consectetur earum omnis facilis;Magnam veniam necessitatibus molestias esse;Nam tempora dolores quae;Pariatur quidem animi occaecati;Perferendis consequatur aliquid;Quam;Tenetur eligendi in a soluta
Danilo Duarte;Beatae perspiciatis nesciunt ipsum sequi architecto;Est voluptate porro cupiditate;Iusto eius ea distinctio;Provident porro explicabo dicta;Quae earum in porro explicabo;Quisquam suscipit;Repellat;Saepe voluptate vero debitis fuga;Sed doloribus;Voluptates assumenda esse
Davi Lucas Porto;At eos voluptas officiis vero atque;Blanditiis consequatur ullam;Cumque;Dolores eos voluptates earum repellat eius quasi;Fugiat cum;Hic porro officiis;Modi quae necessitatibus labore;Voluptate cumque optio qui
Elisa Jesus;Aspernatur nostrum delectus iste;Consectetur eius adipisci;Cumque;Ipsam blanditiis consequatur nam;Ipsum doloremque;Porro debitis distinctio inventore fugiat dolore natus voluptatibus;Quae neque in atque;Reprehenderit magni dolor fuga fuga vero tempora;Saepe optio;Temporibus sint consequuntur quam nostrum
Enzo da Cunha;Animi illum aliquid beatae;Distinctio ea optio est alias magnam ea;Doloribus recusandae nesciunt voluptatibus fugiat dolore error ut;Hic porro officiis;Maiores;Maxime ipsa nihil id;Placeat;Qui quae totam corrupti ducimus;Repudiandae;Sapiente sequi dignissimos;Tempore
Evelyn Pinto;Blanditiis consequatur ullam;Doloremque tempore;Illo doloribus est voluptatum quos placeat;Minima numquam pariatur vel;Officiis;Quisquam eligendi culpa quas qui molestias sit dolorem tenetur;Quos minima corrupti quisquam vero excepturi;Voluptates
Isis Nogueira;Consequuntur sequi quas facere aut itaque;Corrupti consequuntur deserunt;Debitis cum placeat sint;Enim aliquam quaerat quia accusamus mollitia;Molestias corrupti;Nisi;Provident perspiciatis eius explicabo laborum recusandae;Quae earum in porro explicabo;Tempora necessitatibus repellendus ipsa mollitia;Veritatis nam nostrum nulla ipsum
Isis Teixeira;Ipsam quo;Laudantium laborum;Laudantium quibusdam;Perspiciatis dicta suscipit;Temporibus beatae consequuntur vitae
João Felipe Campos;Asperiores sed laboriosam laboriosam;Consequuntur;Eos;Fuga consequuntur;Inventore ut libero adipisci iusto;Molestiae quis aliquam ut itaque;Neque;Quidem sequi ad vel molestiae facere veniam eos atque
Juliana Ferreira;Accusantium;Ea impedit aperiam magnam;Est facere velit labore;Ipsam quo;Odio;Quia enim sapiente adipisci ducimus dolor quod eaque;Quos nostrum temporibus sapiente est;Rem;Temporibus eaque maxime repudiandae omnis;Voluptates est aliquid aut voluptatum sapiente dolores consequuntur;Voluptates sint
Leandro das Neves;Ab magni veritatis;Accusantium quasi deleniti architecto;Aspernatur nostrum delectus iste;Harum nisi accusantium distinctio aut eveniet;Laboriosam in dolor;Molestias a quibusdam;Quasi;Quod optio;Recusandae debitis dolor qui;Ut quod quia laboriosam architecto quia ullam
Luana da Cruz;Animi consequatur;Delectus inventore illum;Ducimus mollitia itaque repellat odio;Excepturi;Officia exercitationem qui doloremque vel eos;Optio ut optio fuga;Placeat a delectus;Porro distinctio ipsam at numquam voluptatum dicta;Provident porro explicabo dicta;Totam repellat eius ex quibusdam architecto a provident dolore;Veniam velit dolorum dolores quam;Veritatis
Lucca Lima;
Luna Freitas;Iste sint animi;Quia quos magni ducimus;Quod;Sed quam qui quia quis
Marcelo Silva;Animi consequatur;Corrupti;Culpa;Harum nisi accusantium distinctio aut eveniet;Molestias maxime ratione nihil odio;Nulla aperiam perspiciatis;Odio quibusdam;Possimus porro illum;Tenetur eligendi in a soluta
Maria Eduarda Nascimento;Accusantium;Delectus laudantium ipsam doloremque nisi ipsam;Quaerat facere;Recusandae architecto accusamus itaque placeat distinctio accusantium
Maria Julia Alves;Ipsa;Iusto eius ea distinctio;Nisi molestiae perspiciatis nemo delectus voluptas incidunt eveniet;Quasi quisquam modi;Rerum minus nisi;Sed doloribus;Totam repellat eius ex quibusdam architecto a provident dolore;Voluptates assumenda esse;Voluptatum voluptas
Maria Julia Silva;Beatae perspiciatis nesciunt ipsum sequi architecto;Cumque;Eius commodi voluptatum;Est doloremque cum;Harum illum suscipit dolorem consequatur;Odio;Pariatur quam animi;Possimus porro illum;Quisquam suscipit;Reprehenderit magni dolor fuga fuga vero tempora;Rerum;Veritatis nam nostrum nulla ipsum;Voluptates
Maysa Farias;Aspernatur;Laudantium laborum;Libero accusantium;Repellendus repellendus quo accusamus;Sunt modi tempora nesciunt;Voluptatem numquam aliquid blanditiis
Murilo Costela;Adipisci voluptatibus error;Amet expedita eos aliquam;Dolorem;Dolorem qui;Nam sunt impedit sed;Necessitatibus possimus molestias;Quia enim sapiente adipisci ducimus dolor quod eaque;Soluta;Tempore;Voluptate cumque optio qui;Voluptatibus
Natália Porto;Adipisci;Architecto soluta;Odio quibusdam;Pariatur quam animi;Porro distinctio ipsam at numquam voluptatum dicta;Rerum minus nisi
Sophia Castro;Architecto soluta;Consectetur eius adipisci;Corporis inventore tenetur;Ea;Laboriosam voluptates nam;Officia doloribus animi;Optio ut optio fuga;Quia officiis maxime nulla earum;Quisquam suscipit;Quod optio;Recusandae debitis dolor qui;Suscipit fugit corporis unde
Sr. Rafael Cardoso;Accusantium maiores voluptas eos nisi;Consequuntur;Consequuntur iure minus consequatur;Dolores mollitia;Est facere velit labore;Illo doloribus est voluptatum quos placeat;Laudantium quibusdam;Libero accusantium
Sra. Pietra Ferreira;Dolor praesentium perferendis blanditiis odit;Dolorum;Inventore ut libero adipisci iusto;Ipsam quo;Nostrum a vitae sit;Provident excepturi dolores cupiditate;Repudiandae;Tempora praesentium nobis culpa perspiciatis optio;Voluptatem numquam aliquid blanditiis;Voluptates sint
Sra. Sophie Freitas;Corporis inventore tenetur;Culpa maxime;Dignissimos accusantium sit ipsam nemo minus officiis dolorum;Eligendi doloribus reprehenderit porro dolorem consequatur;Nobis impedit voluptatem;Occaecati reiciendis dignissimos accusamus recusandae;Officia doloribus animi;Rerum;Rerum minus nisi;Saepe optio;Voluptatum voluptas
Srta. Mirella da Conceição;Asperiores porro voluptatem nostrum quod saepe tenetur modi;Aspernatur;Culpa laboriosam voluptas;Dolores mollitia;Exercitationem assumenda odit provident quod rerum reprehenderit;Fuga accusantium excepturi dolores;Labore at reprehenderit cumque eligendi accusantium vel quos nemo;Necessitatibus voluptatum
